{"produit": [
    {"numero": "1", "produit": "produit1"},
    {"numero": "1", "produit": "produit1"},
    {"numero": "1", "produit": "produit1"},
    {"numero": "1", "produit": "produit1"},
    {"numero": "1", "produit": "produit1"},
    {"numero": "1", "produit": "produit1"},
    {"numero": "1", "produit": "produit1"},
    {"numero": "1", "produit": "produit1"},
    {"numero": "1", "produit": "produit1"},
    {"numero": "1", "produit": "produit1"},
    {"numero": "1", "produit": "produit1"},
    {"numero": "1", "produit": "produit1"},
    {"numero": "1", "produit": "produit1"},
    {"numero": "1", "produit": "produit1"},
    {"numero": "1", "produit": "produit1"},
    {"numero": "1", "produit": "produit1"},
    {"numero": "1", "produit": "produit1"},
    {"numero": "1", "produit": "produit1"},
    {"numero": "1", "produit": "produit1"},
    {"numero": "1", "produit": "produit1"},
    {"numero": "1", "produit": "produit1"}
  ]
}
